priority_rank,suggested_priority,SnO2_Rpm,Spiro_Oxid_Dur,gpr_predicted,gpr_uncertainty,expected_improvement,ucb_beta_1_96,rf_predicted,knn_predicted,ensemble_mean_prediction,ensemble_upper_score,exceeds_best_observed_prediction,exceeds_best_observed_ucb_1_96,exceeds_best_observed_ensemble_mean,exceeds_best_observed_ensemble_upper,experimental_rationale
1,High,4200.0,6.0,16.261726487657995,0.8014732571391079,0.0338290120365909,17.832614071650646,16.81366000000001,16.819,16.63146216255267,16.89291385454358,False,True,False,False,Strongest ensemble mean; interpolates between strong existing 4000/6 and 4500/6 region.
2,High,4050.0,5.0,15.52636842105263,0.9673912104924576,0.011661027056386053,17.422455193617846,16.90745666666668,16.819,16.417608362573105,17.048843987090873,False,True,False,False,Highest ensemble upper score; tests a slightly shorter oxidation duration near the high-performing 6 h region.
3,High,4300.0,7.0,15.52636842105263,0.9673912104924576,0.011661027056386053,17.422455193617846,16.868863333333362,16.819,16.404743918128663,17.026182691406962,False,True,False,False,High ensemble upper score; tests a slightly longer oxidation duration near the known 6 h optimum region.
4,Medium,3600.0,6.0,16.261727297826127,0.8014735337039958,0.03382913089677746,17.832615423885958,16.45601333333336,16.136666666666667,16.284802432608718,16.416192233739316,False,True,False,False,High GPR EI/UCB candidate; tests lower SnO2 rpm at the strong 6 h oxidation duration.
5,Medium,4650.0,8.0,15.52636842105263,0.9673912104924576,0.011661027056386053,17.422455193617846,16.855533333333362,16.379666666666665,16.253856140350887,16.803729493896018,False,True,False,False,Ensemble-supported medium-priority candidate at higher SnO2 rpm and moderate oxidation duration.
6,Medium,4400.0,9.0,15.52636842105263,0.9673912104924576,0.011661027056386053,17.422455193617846,16.886263333333368,16.29,16.23421058479533,16.790785160360556,False,True,False,False,Ensemble-supported medium-priority candidate extending the oxidation duration above 6-8 h.
7,Exploratory,3500.0,3.0,15.864736553428843,0.8157229743658094,0.011682266268803844,17.463553583185828,16.04755666666666,16.136666666666667,16.01631996225406,16.129510937743287,False,True,False,False,Exploratory short oxidation condition with UCB support but weaker ensemble support.
8,Exploratory,4300.0,17.5,15.526368519242538,0.9673912104922429,0.011661030098885791,17.422455291807335,15.928333333333352,15.741666666666667,15.732122839747518,15.896362991996114,False,True,False,False,Exploratory long-oxidation condition driven mainly by GPR uncertainty.
9,Exploratory,4200.0,18.5,15.526368519242537,0.9673912104922429,0.011661030098885743,17.42245529180733,15.394250000000053,15.445,15.455206173080862,15.509624002624887,False,True,False,False,Exploratory long-oxidation condition driven mainly by GPR uncertainty.
